pk_tempo;date_key;invoice_date;invoice_day;invoice_month;invoice_year;quarter
17/05/2017;17/05/2017;19/05/2017;19;05;2017;2
11/07/2017;11/07/2017;13/07/2017;13;07;2017;3
20/06/2017;20/06/2017;22/06/2017;22;06;2017;2
03/05/2017;03/05/2017;05/05/2017;05;05;2017;2
09/09/2018;09/09/2018;11/09/2018;11;09;2018;3
07/04/2018;07/04/2018;09/04/2018;09;04;2018;2
15/11/2018;15/11/2018;17/11/2018;17;11;2018;4
30/01/2018;30/01/2018;01/02/2018;01;02;2018;1
08/11/2018;08/11/2018;10/11/2018;10;11;2018;4
13/10/2018;13/10/2018;15/10/2018;15;10;2018;4
01/02/2019;01/02/2019;03/02/2019;03;02;2019;1
29/06/2018;29/06/2018;01/07/2018;01;07;2018;3
02/03/2017;02/03/2017;04/03/2017;04;03;2017;1
15/02/2019;15/02/2019;17/02/2019;17;02;2019;1
03/08/2017;03/08/2017;05/08/2017;05;08;2017;3
08/03/2017;08/03/2017;10/03/2017;10;03;2017;1
05/05/2017;05/05/2017;07/05/2017;07;05;2017;2
19/05/2018;19/05/2018;21/05/2018;21;05;2018;2
19/07/2018;19/07/2018;21/07/2018;21;07;2018;3
25/01/2019;25/01/2019;27/01/2019;27;01;2019;1
10/11/2017;10/11/2017;12/11/2017;12;11;2017;4
06/09/2017;06/09/2017;08/09/2017;08;09;2017;3
15/01/2018;15/01/2018;17/01/2018;17;01;2018;1
30/10/2017;30/10/2017;01/11/2017;01;11;2017;4
27/03/2017;27/03/2017;29/03/2017;29;03;2017;1
01/01/2018;01/01/2018;03/01/2018;03;01;2018;1
21/06/2018;21/06/2018;23/06/2018;23;06;2018;2
05/04/2017;05/04/2017;07/04/2017;07;04;2017;2
05/01/2019;05/01/2019;07/01/2019;07;01;2019;1
02/03/2018;02/03/2018;04/03/2018;04;03;2018;1
19/04/2018;19/04/2018;21/04/2018;21;04;2018;2
17/10/2017;17/10/2017;19/10/2017;19;10;2017;4
11/05/2017;11/05/2017;13/05/2017;13;05;2017;2
26/11/2018;26/11/2018;28/11/2018;28;11;2018;4
15/01/2017;15/01/2017;18/01/2017;18;01;2017;1
12/02/2017;12/02/2017;15/02/2017;15;02;2017;1
24/02/2018;24/02/2018;26/02/2018;26;02;2018;1
12/01/2018;12/01/2018;14/01/2018;14;01;2018;1
11/10/2017;11/10/2017;13/10/2017;13;10;2017;4
04/12/2017;04/12/2017;06/12/2017;06;12;2017;4
08/08/2017;08/08/2017;10/08/2017;10;08;2017;3
07/07/2018;07/07/2018;09/07/2018;09;07;2018;3
26/07/2018;26/07/2018;28/07/2018;28;07;2018;3
07/09/2017;07/09/2017;09/09/2017;09;09;2017;3
24/05/2017;24/05/2017;26/05/2017;26;05;2017;2
05/07/2018;05/07/2018;07/07/2018;07;07;2018;3
29/11/2018;29/11/2018;01/12/2018;01;12;2018;4
07/12/2018;07/12/2018;09/12/2018;09;12;2018;4
23/01/2017;23/01/2017;26/01/2017;26;01;2017;1
12/10/2017;12/10/2017;14/10/2017;14;10;2017;4
23/09/2018;23/09/2018;25/09/2018;25;09;2018;3
14/04/2018;14/04/2018;16/04/2018;16;04;2018;2
20/05/2018;20/05/2018;22/05/2018;22;05;2018;2
11/02/2018;11/02/2018;13/02/2018;13;02;2018;1
17/12/2018;17/12/2018;19/12/2018;19;12;2018;4
01/05/2017;01/05/2017;03/05/2017;03;05;2017;2
22/12/2018;22/12/2018;24/12/2018;24;12;2018;4
30/12/2017;30/12/2017;01/01/2018;01;01;2018;1
24/06/2018;24/06/2018;26/06/2018;26;06;2018;2
25/07/2017;25/07/2017;27/07/2017;27;07;2017;3
12/07/2018;12/07/2018;14/07/2018;14;07;2018;3
01/11/2018;01/11/2018;03/11/2018;03;11;2018;4
20/12/2017;20/12/2017;22/12/2017;22;12;2017;4
19/02/2018;19/02/2018;21/02/2018;21;02;2018;1
23/10/2017;23/10/2017;25/10/2017;25;10;2017;4
26/02/2018;26/02/2018;28/02/2018;28;02;2018;1
30/01/2017;30/01/2017;02/02/2017;02;02;2017;1
04/09/2017;04/09/2017;06/09/2017;06;09;2017;3
17/01/2017;17/01/2017;20/01/2017;20;01;2017;1
08/03/2018;08/03/2018;10/03/2018;10;03;2018;1
27/09/2018;27/09/2018;29/09/2018;29;09;2018;3
27/10/2017;27/10/2017;29/10/2017;29;10;2017;4
09/04/2018;09/04/2018;11/04/2018;11;04;2018;2
11/12/2017;11/12/2017;13/12/2017;13;12;2017;4
07/01/2018;07/01/2018;09/01/2018;09;01;2018;1
23/05/2017;23/05/2017;25/05/2017;25;05;2017;2
06/12/2017;06/12/2017;08/12/2017;08;12;2017;4
26/01/2018;26/01/2018;28/01/2018;28;01;2018;1
23/06/2017;23/06/2017;25/06/2017;25;06;2017;2
02/10/2017;02/10/2017;04/10/2017;04;10;2017;4
30/04/2018;30/04/2018;02/05/2018;02;05;2018;2
01/03/2017;01/03/2017;03/03/2017;03;03;2017;1
16/06/2017;16/06/2017;18/06/2017;18;06;2017;2
14/10/2018;14/10/2018;16/10/2018;16;10;2018;4
04/08/2017;04/08/2017;06/08/2017;06;08;2017;3
28/05/2018;28/05/2018;30/05/2018;30;05;2018;2
09/11/2018;09/11/2018;11/11/2018;11;11;2018;4
09/01/2018;09/01/2018;11/01/2018;11;01;2018;1
04/10/2017;04/10/2017;06/10/2017;06;10;2017;4
22/01/2018;22/01/2018;24/01/2018;24;01;2018;1
08/12/2018;08/12/2018;10/12/2018;10;12;2018;4
26/09/2017;26/09/2017;28/09/2017;28;09;2017;3
12/06/2017;12/06/2017;14/06/2017;14;06;2017;2
04/01/2019;04/01/2019;06/01/2019;06;01;2019;1
04/06/2018;04/06/2018;06/06/2018;06;06;2018;2
23/11/2018;23/11/2018;25/11/2018;25;11;2018;4
09/03/2018;09/03/2018;11/03/2018;11;03;2018;1
13/04/2018;13/04/2018;15/04/2018;15;04;2018;2
26/06/2017;26/06/2017;28/06/2017;28;06;2017;2
08/03/2019;08/03/2019;11/03/2019;11;03;2019;1
05/06/2018;05/06/2018;07/06/2018;07;06;2018;2
09/11/2017;09/11/2017;11/11/2017;11;11;2017;4
18/05/2018;18/05/2018;20/05/2018;20;05;2018;2
DateKey;DateKey;Invoice Date;Invoice Date;"";"";Unknown
19/02/2019;19/02/2019;21/02/2019;21;02;2019;1
29/07/2018;29/07/2018;31/07/2018;31;07;2018;3
03/06/2018;03/06/2018;05/06/2018;05;06;2018;2
30/05/2017;30/05/2017;01/06/2017;01;06;2017;2
11/10/2018;11/10/2018;13/10/2018;13;10;2018;4
09/06/2017;09/06/2017;11/06/2017;11;06;2017;2
15/06/2017;15/06/2017;17/06/2017;17;06;2017;2
26/07/2017;26/07/2017;28/07/2017;28;07;2017;3
07/06/2017;07/06/2017;09/06/2017;09;06;2017;2
10/02/2018;10/02/2018;12/02/2018;12;02;2018;1
09/03/2017;09/03/2017;11/03/2017;11;03;2017;1
29/09/2017;29/09/2017;01/10/2017;01;10;2017;4
03/01/2018;03/01/2018;05/01/2018;05;01;2018;1
08/02/2017;08/02/2017;11/02/2017;11;02;2017;1
09/12/2018;09/12/2018;11/12/2018;11;12;2018;4
31/12/2018;31/12/2018;02/01/2019;02;01;2019;1
27/09/2017;27/09/2017;29/09/2017;29;09;2017;3
21/01/2019;21/01/2019;23/01/2019;23;01;2019;1
06/04/2018;06/04/2018;08/04/2018;08;04;2018;2
22/09/2017;22/09/2017;24/09/2017;24;09;2017;3
17/02/2019;17/02/2019;19/02/2019;19;02;2019;1
01/02/2017;01/02/2017;04/02/2017;04;02;2017;1
09/01/2017;09/01/2017;12/01/2017;12;01;2017;1
12/12/2017;12/12/2017;14/12/2017;14;12;2017;4
15/04/2018;15/04/2018;17/04/2018;17;04;2018;2
07/10/2018;07/10/2018;09/10/2018;09;10;2018;4
31/12/2017;31/12/2017;02/01/2018;02;01;2018;1
27/08/2018;27/08/2018;29/08/2018;29;08;2018;3
18/02/2019;18/02/2019;20/02/2019;20;02;2019;1
15/05/2017;15/05/2017;17/05/2017;17;05;2017;2
27/01/2019;27/01/2019;29/01/2019;29;01;2019;1
23/08/2018;23/08/2018;25/08/2018;25;08;2018;3
05/05/2018;05/05/2018;07/05/2018;07;05;2018;2
12/05/2018;12/05/2018;14/05/2018;14;05;2018;2
17/03/2018;17/03/2018;19/03/2018;19;03;2018;1
10/05/2017;10/05/2017;12/05/2017;12;05;2017;2
28/07/2018;28/07/2018;30/07/2018;30;07;2018;3
08/11/2017;08/11/2017;10/11/2017;10;11;2017;4
07/06/2018;07/06/2018;09/06/2018;09;06;2018;2
31/10/2017;31/10/2017;02/11/2017;02;11;2017;4
11/08/2018;11/08/2018;13/08/2018;13;08;2018;3
03/12/2018;03/12/2018;05/12/2018;05;12;2018;4
20/12/2018;20/12/2018;22/12/2018;22;12;2018;4
03/03/2019;03/03/2019;06/03/2019;06;03;2019;1
20/02/2018;20/02/2018;22/02/2018;22;02;2018;1
04/01/2018;04/01/2018;06/01/2018;06;01;2018;1
10/08/2018;10/08/2018;12/08/2018;12;08;2018;3
10/05/2018;10/05/2018;12/05/2018;12;05;2018;2
04/07/2017;04/07/2017;06/07/2017;06;07;2017;3
15/09/2017;15/09/2017;17/09/2017;17;09;2017;3
19/02/2017;19/02/2017;22/02/2017;22;02;2017;1
18/04/2017;18/04/2017;20/04/2017;20;04;2017;2
21/01/2018;21/01/2018;23/01/2018;23;01;2018;1
17/04/2017;17/04/2017;19/04/2017;19;04;2017;2
04/05/2017;04/05/2017;06/05/2017;06;05;2017;2
22/04/2018;22/04/2018;24/04/2018;24;04;2018;2
31/01/2017;31/01/2017;03/02/2017;03;02;2017;1
24/08/2017;24/08/2017;26/08/2017;26;08;2017;3
16/08/2018;16/08/2018;18/08/2018;18;08;2018;3
24/03/2017;24/03/2017;26/03/2017;26;03;2017;1
24/04/2017;24/04/2017;26/04/2017;26;04;2017;2
05/02/2018;05/02/2018;07/02/2018;07;02;2018;1
22/11/2017;22/11/2017;24/11/2017;24;11;2017;4
01/11/2017;01/11/2017;03/11/2017;03;11;2017;4
08/04/2018;08/04/2018;10/04/2018;10;04;2018;2
20/10/2018;20/10/2018;22/10/2018;22;10;2018;4
20/08/2018;20/08/2018;22/08/2018;22;08;2018;3
10/08/2017;10/08/2017;12/08/2017;12;08;2017;3
18/10/2017;18/10/2017;20/10/2017;20;10;2017;4
18/05/2017;18/05/2017;20/05/2017;20;05;2017;2
27/04/2017;27/04/2017;29/04/2017;29;04;2017;2
16/08/2017;16/08/2017;18/08/2017;18;08;2017;3
08/05/2017;08/05/2017;10/05/2017;10;05;2017;2
21/11/2017;21/11/2017;23/11/2017;23;11;2017;4
25/08/2017;25/08/2017;27/08/2017;27;08;2017;3
19/08/2018;19/08/2018;21/08/2018;21;08;2018;3
16/01/2018;16/01/2018;18/01/2018;18;01;2018;1
04/03/2019;04/03/2019;07/03/2019;07;03;2019;1
31/03/2017;31/03/2017;02/04/2017;02;04;2017;2
01/09/2018;01/09/2018;03/09/2018;03;09;2018;3
06/01/2019;06/01/2019;08/01/2019;08;01;2019;1
05/11/2018;05/11/2018;07/11/2018;07;11;2018;4
05/09/2017;05/09/2017;07/09/2017;07;09;2017;3
22/02/2017;22/02/2017;25/02/2017;25;02;2017;1
02/02/2019;02/02/2019;04/02/2019;04;02;2019;1
22/03/2017;22/03/2017;24/03/2017;24;03;2017;1
27/06/2017;27/06/2017;29/06/2017;29;06;2017;2
03/10/2017;03/10/2017;05/10/2017;05;10;2017;4
26/01/2019;26/01/2019;28/01/2019;28;01;2019;1
20/09/2017;20/09/2017;22/09/2017;22;09;2017;3
27/01/2018;27/01/2018;29/01/2018;29;01;2018;1
05/10/2017;05/10/2017;07/10/2017;07;10;2017;4
11/11/2018;11/11/2018;13/11/2018;13;11;2018;4
25/11/2018;25/11/2018;27/11/2018;27;11;2018;4
28/10/2018;28/10/2018;30/10/2018;30;10;2018;4
25/04/2017;25/04/2017;27/04/2017;27;04;2017;2
18/08/2018;18/08/2018;20/08/2018;20;08;2018;3
07/12/2017;07/12/2017;09/12/2017;09;12;2017;4
14/07/2018;14/07/2018;16/07/2018;16;07;2018;3
01/03/2019;01/03/2019;03/03/2019;03;03;2019;1
26/12/2017;26/12/2017;28/12/2017;28;12;2017;4
02/12/2018;02/12/2018;04/12/2018;04;12;2018;4
31/08/2017;31/08/2017;02/09/2017;02;09;2017;3
19/03/2018;19/03/2018;21/03/2018;21;03;2018;1
09/08/2017;09/08/2017;11/08/2017;11;08;2017;3
07/09/2018;07/09/2018;09/09/2018;09;09;2018;3
14/06/2018;14/06/2018;16/06/2018;16;06;2018;2
05/01/2018;05/01/2018;07/01/2018;07;01;2018;1
21/06/2017;21/06/2017;23/06/2017;23;06;2017;2
10/11/2018;10/11/2018;12/11/2018;12;11;2018;4
05/03/2018;05/03/2018;07/03/2018;07;03;2018;1
08/01/2018;08/01/2018;10/01/2018;10;01;2018;1
03/08/2018;03/08/2018;05/08/2018;05;08;2018;3
18/03/2018;18/03/2018;20/03/2018;20;03;2018;1
21/05/2018;21/05/2018;23/05/2018;23;05;2018;2
02/02/2017;02/02/2017;05/02/2017;05;02;2017;1
13/02/2017;13/02/2017;16/02/2017;16;02;2017;1
10/02/2019;10/02/2019;12/02/2019;12;02;2019;1
01/12/2017;01/12/2017;03/12/2017;03;12;2017;4
15/03/2018;15/03/2018;17/03/2018;17;03;2018;1
18/11/2018;18/11/2018;20/11/2018;20;11;2018;4
31/08/2018;31/08/2018;02/09/2018;02;09;2018;3
25/10/2018;25/10/2018;27/10/2018;27;10;2018;4
24/02/2019;24/02/2019;26/02/2019;26;02;2019;1
03/11/2017;03/11/2017;05/11/2017;05;11;2017;4
01/10/2018;01/10/2018;03/10/2018;03;10;2018;4
28/06/2018;28/06/2018;30/06/2018;30;06;2018;2
17/02/2018;17/02/2018;19/02/2018;19;02;2018;1
02/01/2018;02/01/2018;04/01/2018;04;01;2018;1
07/04/2017;07/04/2017;09/04/2017;09;04;2017;2
21/10/2018;21/10/2018;23/10/2018;23;10;2018;4
23/08/2017;23/08/2017;25/08/2017;25;08;2017;3
29/12/2018;29/12/2018;31/12/2018;31;12;2018;4
11/02/2019;11/02/2019;13/02/2019;13;02;2019;1
26/06/2018;26/06/2018;28/06/2018;28;06;2018;2
14/01/2018;14/01/2018;16/01/2018;16;01;2018;1
22/07/2018;22/07/2018;24/07/2018;24;07;2018;3
30/07/2018;30/07/2018;01/08/2018;01;08;2018;3
27/02/2017;27/02/2017;01/03/2017;01;03;2017;1
06/12/2018;06/12/2018;08/12/2018;08;12;2018;4
29/05/2017;29/05/2017;31/05/2017;31;05;2017;2
08/02/2019;08/02/2019;10/02/2019;10;02;2019;1
28/12/2017;28/12/2017;30/12/2017;30;12;2017;4
09/02/2018;09/02/2018;11/02/2018;11;02;2018;1
14/09/2017;14/09/2017;16/09/2017;16;09;2017;3
15/08/2017;15/08/2017;17/08/2017;17;08;2017;3
27/04/2018;27/04/2018;29/04/2018;29;04;2018;2
17/11/2017;17/11/2017;19/11/2017;19;11;2017;4
11/08/2017;11/08/2017;13/08/2017;13;08;2017;3
23/03/2018;23/03/2018;25/03/2018;25;03;2018;1
13/10/2017;13/10/2017;15/10/2017;15;10;2017;4
26/03/2018;26/03/2018;28/03/2018;28;03;2018;1
13/08/2018;13/08/2018;15/08/2018;15;08;2018;3
24/10/2017;24/10/2017;26/10/2017;26;10;2017;4
04/08/2018;04/08/2018;06/08/2018;06;08;2018;3
27/07/2017;27/07/2017;29/07/2017;29;07;2017;3
05/02/2017;05/02/2017;08/02/2017;08;02;2017;1
07/03/2019;07/03/2019;10/03/2019;10;03;2019;1
03/04/2017;03/04/2017;05/04/2017;05;04;2017;2
16/03/2018;16/03/2018;18/03/2018;18;03;2018;1
14/12/2018;14/12/2018;16/12/2018;16;12;2018;4
15/12/2017;15/12/2017;17/12/2017;17;12;2017;4
02/08/2017;02/08/2017;04/08/2017;04;08;2017;3
28/01/2018;28/01/2018;30/01/2018;30;01;2018;1
16/02/2019;16/02/2019;18/02/2019;18;02;2019;1
10/10/2017;10/10/2017;12/10/2017;12;10;2017;4
28/07/2017;28/07/2017;30/07/2017;30;07;2017;3
18/07/2017;18/07/2017;20/07/2017;20;07;2017;3
20/09/2018;20/09/2018;22/09/2018;22;09;2018;3
24/07/2017;24/07/2017;26/07/2017;26;07;2017;3
26/10/2017;26/10/2017;28/10/2017;28;10;2017;4
15/06/2018;15/06/2018;17/06/2018;17;06;2018;2
12/07/2017;12/07/2017;14/07/2017;14;07;2017;3
09/10/2017;09/10/2017;11/10/2017;11;10;2017;4
23/11/2017;23/11/2017;25/11/2017;25;11;2017;4
13/05/2018;13/05/2018;15/05/2018;15;05;2018;2
06/09/2018;06/09/2018;08/09/2018;08;09;2018;3
04/02/2018;04/02/2018;06/02/2018;06;02;2018;1
06/11/2017;06/11/2017;08/11/2017;08;11;2017;4
21/02/2017;21/02/2017;24/02/2017;24;02;2017;1
16/03/2017;16/03/2017;18/03/2017;18;03;2017;1
20/07/2017;20/07/2017;22/07/2017;22;07;2017;3
18/09/2017;18/09/2017;20/09/2017;20;09;2017;3
22/10/2018;22/10/2018;24/10/2018;24;10;2018;4
29/01/2018;29/01/2018;31/01/2018;31;01;2018;1
31/07/2017;31/07/2017;02/08/2017;02;08;2017;3
30/06/2018;30/06/2018;02/07/2018;02;07;2018;3
17/08/2018;17/08/2018;19/08/2018;19;08;2018;3
13/01/2018;13/01/2018;15/01/2018;15;01;2018;1
22/03/2018;22/03/2018;24/03/2018;24;03;2018;1
06/02/2017;06/02/2017;09/02/2017;09;02;2017;1
05/10/2018;05/10/2018;07/10/2018;07;10;2018;4
21/12/2017;21/12/2017;23/12/2017;23;12;2017;4
01/09/2017;01/09/2017;03/09/2017;03;09;2017;3
20/04/2017;20/04/2017;22/04/2017;22;04;2017;2
29/03/2017;29/03/2017;31/03/2017;31;03;2017;1
27/07/2018;27/07/2018;29/07/2018;29;07;2018;3
03/02/2018;03/02/2018;05/02/2018;05;02;2018;1
08/06/2018;08/06/2018;10/06/2018;10;06;2018;2
22/01/2017;22/01/2017;25/01/2017;25;01;2017;1
12/04/2018;12/04/2018;14/04/2018;14;04;2018;2
16/09/2018;16/09/2018;18/09/2018;18;09;2018;3
19/04/2017;19/04/2017;21/04/2017;21;04;2017;2
21/12/2018;21/12/2018;23/12/2018;23;12;2018;4
21/09/2018;21/09/2018;23/09/2018;23;09;2018;3
29/12/2017;29/12/2017;31/12/2017;31;12;2017;4
13/09/2018;13/09/2018;15/09/2018;15;09;2018;3
05/07/2017;05/07/2017;07/07/2017;07;07;2017;3
27/10/2018;27/10/2018;29/10/2018;29;10;2018;4
21/09/2017;21/09/2017;23/09/2017;23;09;2017;3
10/07/2017;10/07/2017;12/07/2017;12;07;2017;3
08/12/2017;08/12/2017;10/12/2017;10;12;2017;4
16/11/2017;16/11/2017;18/11/2017;18;11;2017;4
19/10/2017;19/10/2017;21/10/2017;21;10;2017;4
25/08/2018;25/08/2018;27/08/2018;27;08;2018;3
09/02/2019;09/02/2019;11/02/2019;11;02;2019;1
22/05/2017;22/05/2017;24/05/2017;24;05;2017;2
13/12/2018;13/12/2018;15/12/2018;15;12;2018;4
12/05/2017;12/05/2017;14/05/2017;14;05;2017;2
14/08/2017;14/08/2017;16/08/2017;16;08;2017;3
01/06/2017;01/06/2017;03/06/2017;03;06;2017;2
28/04/2017;28/04/2017;30/04/2017;30;04;2017;2
21/07/2018;21/07/2018;23/07/2018;23;07;2018;3
27/12/2017;27/12/2017;29/12/2017;29;12;2017;4
07/11/2017;07/11/2017;09/11/2017;09;11;2017;4
16/04/2018;16/04/2018;18/04/2018;18;04;2018;2
17/08/2017;17/08/2017;19/08/2017;19;08;2017;3
12/09/2017;12/09/2017;14/09/2017;14;09;2017;3
16/07/2018;16/07/2018;18/07/2018;18;07;2018;3
30/03/2018;30/03/2018;01/04/2018;01;04;2018;2
21/07/2017;21/07/2017;23/07/2017;23;07;2017;3
25/05/2018;25/05/2018;27/05/2018;27;05;2018;2
17/07/2017;17/07/2017;19/07/2017;19;07;2017;3
24/11/2018;24/11/2018;26/11/2018;26;11;2018;4
05/08/2018;05/08/2018;07/08/2018;07;08;2018;3
05/02/2019;05/02/2019;07/02/2019;07;02;2019;1
17/11/2018;17/11/2018;19/11/2018;19;11;2018;4
29/08/2017;29/08/2017;31/08/2017;31;08;2017;3
19/01/2019;19/01/2019;21/01/2019;21;01;2019;1
14/09/2018;14/09/2018;16/09/2018;16;09;2018;3
12/01/2019;12/01/2019;14/01/2019;14;01;2019;1
28/03/2017;28/03/2017;30/03/2017;30;03;2017;1
23/04/2018;23/04/2018;25/04/2018;25;04;2018;2
16/06/2018;16/06/2018;18/06/2018;18;06;2018;2
26/05/2017;26/05/2017;28/05/2017;28;05;2017;2
30/12/2018;30/12/2018;01/01/2019;01;01;2019;1
09/06/2018;09/06/2018;11/06/2018;11;06;2018;2
09/08/2018;09/08/2018;11/08/2018;11;08;2018;3
12/02/2019;12/02/2019;14/02/2019;14;02;2019;1
06/05/2018;06/05/2018;08/05/2018;08;05;2018;2
17/05/2018;17/05/2018;19/05/2018;19;05;2018;2
14/03/2019;14/03/2019;17/03/2019;17;03;2019;1
29/09/2018;29/09/2018;01/10/2018;01;10;2018;4
29/01/2019;29/01/2019;31/01/2019;31;01;2019;1
08/10/2018;08/10/2018;10/10/2018;10;10;2018;4
06/06/2017;06/06/2017;08/06/2017;08;06;2017;2
06/10/2017;06/10/2017;08/10/2017;08;10;2017;4
24/12/2018;24/12/2018;26/12/2018;26;12;2018;4
14/03/2017;14/03/2017;16/03/2017;16;03;2017;1
15/03/2017;15/03/2017;17/03/2017;17;03;2017;1
28/09/2018;28/09/2018;30/09/2018;30;09;2018;3
18/03/2019;18/03/2019;21/03/2019;21;03;2019;1
23/03/2017;23/03/2017;25/03/2017;25;03;2017;1
15/09/2018;15/09/2018;17/09/2018;17;09;2018;3
13/07/2018;13/07/2018;15/07/2018;15;07;2018;3
14/05/2018;14/05/2018;16/05/2018;16;05;2018;2
24/09/2018;24/09/2018;26/09/2018;26;09;2018;3
10/03/2017;10/03/2017;12/03/2017;12;03;2017;1
28/11/2017;28/11/2017;30/11/2017;30;11;2017;4
14/12/2017;14/12/2017;16/12/2017;16;12;2017;4
05/04/2018;05/04/2018;07/04/2018;07;04;2018;2
13/06/2017;13/06/2017;15/06/2017;15;06;2017;2
13/11/2017;13/11/2017;15/11/2017;15;11;2017;4
25/05/2017;25/05/2017;27/05/2017;27;05;2017;2
24/08/2018;24/08/2018;26/08/2018;26;08;2018;3
28/12/2018;28/12/2018;30/12/2018;30;12;2018;4
12/08/2018;12/08/2018;14/08/2018;14;08;2018;3
06/01/2018;06/01/2018;08/01/2018;08;01;2018;1
16/11/2018;16/11/2018;18/11/2018;18;11;2018;4
31/05/2017;31/05/2017;02/06/2017;02;06;2017;2
11/03/2019;11/03/2019;14/03/2019;14;03;2019;1
08/07/2018;08/07/2018;10/07/2018;10;07;2018;3
02/02/2018;02/02/2018;04/02/2018;04;02;2018;1
15/01/2019;15/01/2019;17/01/2019;17;01;2019;1
09/05/2017;09/05/2017;11/05/2017;11;05;2017;2
23/01/2018;23/01/2018;25/01/2018;25;01;2018;1
03/07/2017;03/07/2017;05/07/2017;05;07;2017;3
06/02/2018;06/02/2018;08/02/2018;08;02;2018;1
10/03/2019;10/03/2019;13/03/2019;13;03;2019;1
25/06/2018;25/06/2018;27/06/2018;27;06;2018;2
18/08/2017;18/08/2017;20/08/2017;20;08;2017;3
10/12/2018;10/12/2018;12/12/2018;12;12;2018;4
16/12/2018;16/12/2018;18/12/2018;18;12;2018;4
02/03/2019;02/03/2019;05/03/2019;05;03;2019;1
04/05/2018;04/05/2018;06/05/2018;06;05;2018;2
31/05/2018;31/05/2018;02/06/2018;02;06;2018;2
13/09/2017;13/09/2017;15/09/2017;15;09;2017;3
23/02/2019;23/02/2019;25/02/2019;25;02;2019;1
19/10/2018;19/10/2018;21/10/2018;21;10;2018;4
02/09/2018;02/09/2018;04/09/2018;04;09;2018;3
30/11/2017;30/11/2017;02/12/2017;02;12;2017;4
22/06/2018;22/06/2018;24/06/2018;24;06;2018;2
29/01/2017;29/01/2017;01/02/2017;01;02;2017;1
25/03/2018;25/03/2018;27/03/2018;27;03;2018;1
28/02/2017;28/02/2017;02/03/2017;02;03;2017;1
22/08/2017;22/08/2017;24/08/2017;24;08;2017;3
08/09/2018;08/09/2018;10/09/2018;10;09;2018;3
04/10/2018;04/10/2018;06/10/2018;06;10;2018;4
23/02/2018;23/02/2018;25/02/2018;25;02;2018;1
11/01/2019;11/01/2019;13/01/2019;13;01;2019;1
26/02/2019;26/02/2019;28/02/2019;28;02;2019;1
15/12/2018;15/12/2018;17/12/2018;17;12;2018;4
25/10/2017;25/10/2017;27/10/2017;27;10;2017;4
18/02/2018;18/02/2018;20/02/2018;20;02;2018;1
09/02/2017;09/02/2017;12/02/2017;12;02;2017;1
02/11/2017;02/11/2017;04/11/2017;04;11;2017;4
01/07/2017;01/07/2017;03/07/2017;03;07;2017;3
03/03/2018;03/03/2018;05/03/2018;05;03;2018;1
08/06/2017;08/06/2017;10/06/2017;10;06;2017;2
17/03/2017;17/03/2017;19/03/2017;19;03;2017;1
26/08/2018;26/08/2018;28/08/2018;28;08;2018;3
28/06/2017;28/06/2017;30/06/2017;30;06;2017;2
29/04/2018;29/04/2018;01/05/2018;01;05;2018;2
25/01/2017;25/01/2017;28/01/2017;28;01;2017;1
21/08/2017;21/08/2017;23/08/2017;23;08;2017;3
16/03/2019;16/03/2019;19/03/2019;19;03;2019;1
02/11/2018;02/11/2018;04/11/2018;04;11;2018;4
17/06/2018;17/06/2018;19/06/2018;19;06;2018;2
04/03/2018;04/03/2018;06/03/2018;06;03;2018;1
15/02/2017;15/02/2017;18/02/2017;18;02;2017;1
26/01/2017;26/01/2017;29/01/2017;29;01;2017;1
20/07/2018;20/07/2018;22/07/2018;22;07;2018;3
19/01/2017;19/01/2017;22/01/2017;22;01;2017;1
23/06/2018;23/06/2018;25/06/2018;25;06;2018;2
08/09/2017;08/09/2017;10/09/2017;10;09;2017;3
29/10/2018;29/10/2018;31/10/2018;31;10;2018;4
02/06/2017;02/06/2017;04/06/2017;04;06;2017;2
22/09/2018;22/09/2018;24/09/2018;24;09;2018;3
01/03/2019;01/03/2019;04/03/2019;04;03;2019;1
26/04/2018;26/04/2018;28/04/2018;28;04;2018;2
20/01/2019;20/01/2019;22/01/2019;22;01;2019;1
26/05/2018;26/05/2018;28/05/2018;28;05;2018;2
20/04/2018;20/04/2018;22/04/2018;22;04;2018;2
07/02/2017;07/02/2017;10/02/2017;10;02;2017;1
10/01/2017;10/01/2017;13/01/2017;13;01;2017;1
27/12/2018;27/12/2018;29/12/2018;29;12;2018;4
02/05/2017;02/05/2017;04/05/2017;04;05;2017;2
10/06/2018;10/06/2018;12/06/2018;12;06;2018;2
03/11/2018;03/11/2018;05/11/2018;05;11;2018;4
07/01/2019;07/01/2019;09/01/2019;09;01;2019;1
09/07/2018;09/07/2018;11/07/2018;11;07;2018;3
04/02/2019;04/02/2019;06/02/2019;06;02;2019;1
03/09/2018;03/09/2018;05/09/2018;05;09;2018;3
25/02/2019;25/02/2019;27/02/2019;27;02;2019;1
27/05/2018;27/05/2018;29/05/2018;29;05;2018;2
15/11/2017;15/11/2017;17/11/2017;17;11;2017;4
30/08/2017;30/08/2017;01/09/2017;01;09;2017;3
16/01/2017;16/01/2017;19/01/2017;19;01;2017;1
27/11/2017;27/11/2017;29/11/2017;29;11;2017;4
18/01/2017;18/01/2017;21/01/2017;21;01;2017;1
14/01/2019;14/01/2019;16/01/2019;16;01;2019;1
19/06/2018;19/06/2018;21/06/2018;21;06;2018;2
31/03/2018;31/03/2018;02/04/2018;02;04;2018;2
25/02/2018;25/02/2018;27/02/2018;27;02;2018;1
19/12/2017;19/12/2017;21/12/2017;21;12;2017;4
14/06/2017;14/06/2017;16/06/2017;16;06;2017;2
20/03/2017;20/03/2017;22/03/2017;22;03;2017;1
28/08/2017;28/08/2017;30/08/2017;30;08;2017;3
23/07/2018;23/07/2018;25/07/2018;25;07;2018;3
06/04/2017;06/04/2017;08/04/2017;08;04;2017;2
10/09/2018;10/09/2018;12/09/2018;12;09;2018;3
28/09/2017;28/09/2017;30/09/2017;30;09;2017;3
01/08/2017;01/08/2017;03/08/2017;03;08;2017;3
15/03/2019;15/03/2019;18/03/2019;18;03;2019;1
25/12/2017;25/12/2017;27/12/2017;27;12;2017;4
06/03/2017;06/03/2017;08/03/2017;08;03;2017;1
16/02/2017;16/02/2017;19/02/2017;19;02;2017;1
06/08/2018;06/08/2018;08/08/2018;08;08;2018;3
06/07/2017;06/07/2017;08/07/2017;08;07;2017;3
07/05/2018;07/05/2018;09/05/2018;09;05;2018;2
28/01/2019;28/01/2019;30/01/2019;30;01;2019;1
07/03/2017;07/03/2017;09/03/2017;09;03;2017;1
12/11/2018;12/11/2018;14/11/2018;14;11;2018;4
01/12/2018;01/12/2018;03/12/2018;03;12;2018;4
10/03/2018;10/03/2018;12/03/2018;12;03;2018;1
07/07/2017;07/07/2017;09/07/2017;09;07;2017;3
19/01/2018;19/01/2018;21/01/2018;21;01;2018;1
08/01/2019;08/01/2019;10/01/2019;10;01;2019;1
01/06/2018;01/06/2018;03/06/2018;03;06;2018;2
18/10/2018;18/10/2018;20/10/2018;20;10;2018;4
18/01/2019;18/01/2019;20/01/2019;20;01;2019;1
11/06/2018;11/06/2018;13/06/2018;13;06;2018;2
04/11/2018;04/11/2018;06/11/2018;06;11;2018;4
19/11/2018;19/11/2018;21/11/2018;21;11;2018;4
03/05/2018;03/05/2018;05/05/2018;05;05;2018;2
12/10/2018;12/10/2018;14/10/2018;14;10;2018;4
12/04/2017;12/04/2017;14/04/2017;14;04;2017;2
03/02/2019;03/02/2019;05/02/2019;05;02;2019;1
06/07/2018;06/07/2018;08/07/2018;08;07;2018;3
22/01/2019;22/01/2019;24/01/2019;24;01;2019;1
24/03/2018;24/03/2018;26/03/2018;26;03;2018;1
25/09/2017;25/09/2017;27/09/2017;27;09;2017;3
19/09/2017;19/09/2017;21/09/2017;21;09;2017;3
17/03/2019;17/03/2019;20/03/2019;20;03;2019;1
21/04/2017;21/04/2017;23/04/2017;23;04;2017;2
22/11/2018;22/11/2018;24/11/2018;24;11;2018;4
29/11/2017;29/11/2017;01/12/2017;01;12;2017;4
05/12/2017;05/12/2017;07/12/2017;07;12;2017;4
22/06/2017;22/06/2017;24/06/2017;24;06;2017;2
17/09/2018;17/09/2018;19/09/2018;19;09;2018;3
04/04/2017;04/04/2017;06/04/2017;06;04;2017;2
19/07/2017;19/07/2017;21/07/2017;21;07;2017;3
01/01/2019;01/01/2019;03/01/2019;03;01;2019;1
20/10/2017;20/10/2017;22/10/2017;22;10;2017;4
13/12/2017;13/12/2017;15/12/2017;15;12;2017;4
26/04/2017;26/04/2017;28/04/2017;28;04;2017;2
02/08/2018;02/08/2018;04/08/2018;04;08;2018;3
23/02/2017;23/02/2017;26/02/2017;26;02;2017;1
24/11/2017;24/11/2017;26/11/2017;26;11;2017;4
13/01/2019;13/01/2019;15/01/2019;15;01;2019;1
29/06/2017;29/06/2017;01/07/2017;01;07;2017;3
14/02/2017;14/02/2017;17/02/2017;17;02;2017;1
19/06/2017;19/06/2017;21/06/2017;21;06;2017;2
11/05/2018;11/05/2018;13/05/2018;13;05;2018;2
16/05/2017;16/05/2017;18/05/2017;18;05;2017;2
11/03/2018;11/03/2018;13/03/2018;13;03;2018;1
20/11/2017;20/11/2017;22/11/2017;22;11;2017;4
26/10/2018;26/10/2018;28/10/2018;28;10;2018;4
30/03/2017;30/03/2017;01/04/2017;01;04;2017;2
19/05/2017;19/05/2017;21/05/2017;21;05;2017;2
11/04/2017;11/04/2017;13/04/2017;13;04;2017;2
23/12/2018;23/12/2018;25/12/2018;25;12;2018;4
03/03/2017;03/03/2017;05/03/2017;05;03;2017;1
07/08/2017;07/08/2017;09/08/2017;09;08;2017;3
16/10/2017;16/10/2017;18/10/2017;18;10;2017;4
21/04/2018;21/04/2018;23/04/2018;23;04;2018;2
15/10/2018;15/10/2018;17/10/2018;17;10;2018;4
13/02/2018;13/02/2018;15/02/2018;15;02;2018;1
15/07/2018;15/07/2018;17/07/2018;17;07;2018;3
14/11/2017;14/11/2017;16/11/2017;16;11;2017;4
18/12/2017;18/12/2017;20/12/2017;20;12;2017;4
22/12/2017;22/12/2017;24/12/2017;24;12;2017;4
20/01/2018;20/01/2018;22/01/2018;22;01;2018;1
06/10/2018;06/10/2018;08/10/2018;08;10;2018;4
02/06/2018;02/06/2018;04/06/2018;04;06;2018;2
16/02/2018;16/02/2018;18/02/2018;18;02;2018;1
21/03/2017;21/03/2017;23/03/2017;23;03;2017;1
30/11/2018;30/11/2018;02/12/2018;02;12;2018;4
28/04/2018;28/04/2018;30/04/2018;30;04;2018;2
12/02/2018;12/02/2018;14/02/2018;14;02;2018;1
09/03/2019;09/03/2019;12/03/2019;12;03;2019;1
20/02/2017;20/02/2017;23/02/2017;23;02;2017;1
30/09/2018;30/09/2018;02/10/2018;02;10;2018;4
24/01/2017;24/01/2017;27/01/2017;27;01;2017;1
12/03/2018;12/03/2018;14/03/2018;14;03;2018;1
17/06/2017;17/06/2017;19/06/2017;19;06;2017;2
